{
    "FNAL_A": {
        "thermistor 2": [
            1.0132804673164697,
            0.0035646494881473993
        ],
        "thermistor 1": [
            0.9966697880424109,
            0.004366169749208883
        ],
        "thermistor 0": [
            1.005131110933742,
            0.0021222901105671806
        ]
    },
    "FNAL_B": {
        "thermistor 2": [
            1.086180474319379,
            0.0013085141274413199
        ],
        "thermistor 1": [
            1.0075319759895942,
            0.002023754730330496
        ],
        "thermistor 0": [
            0.9534407338295163,
            0.0020916157925161033
        ]
    },
    "CIT_5": {
        "thermistor 2": [
            0.999770637463072,
            0.0020363644720370814
        ],
        "thermistor 1": [
            0.9637893989153272,
            0.004010525071988041
        ],
        "thermistor 0": [
            1.0459458536872142,
            0.002849345131386399
        ]
    },
    "CIT_6": {
        "thermistor 2": [
            0.9990302458385407,
            0.003512112269953719
        ],
        "thermistor 1": [
            1.0325037462592164,
            0.0025714569320565146
        ],
        "thermistor 0": [
            1.0279428892286864,
            0.0036518597373509766
        ]
    },
    "CIT_1": {
        "thermistor 0": [
            0.9870484501146705,
            0.001472063297651689
        ],
        "thermistor 1": [
            1.0055800750493213,
            0.006734283618210226
        ],
        "thermistor 2": [
            null,
            null
        ]
    },
    "CIT_3": {
        "thermistor 0": [
            null,
            null
        ],
        "thermistor 1": [
            0.9861831141164324,
            0.001078168188999847
        ],
        "thermistor 2": [
            1.014804033639783,
            0.0014395337612673588
        ]
    },
    "CIT_4": {
        "thermistor 0": [
            1.014804033639783,
            0.0014395337612673588
        ],
        "thermistor 1": [
            null,
            null
        ],
        "thermistor 2": [
            0.9941737872160513,
            0.011935162470731536
        ]
    },
    "CIT_2": {
        "thermistor 0": [
            null,
            null
        ],
        "thermistor 1": [
            null,
            null
        ],
        "thermistor 2": [
            null,
            null
        ]
    }
}